Date,Narration,Chq/Ref No,Withdrawal Amt,Deposit Amt,Closing Balance
01/10/2026,NEFT CR-ACME SOLUTIONS PVT LTD-INVOICE 17,N245612345678,,118000.00,243000.00
02/10/2026,UPI/DR/424512345601/SWIGGY/swiggy@icici,424512345601,642.00,,242358.00
03/10/2026,UPI/DR/424612345602/AWS/aws@axisbank,424612345602,3480.50,,238877.50
05/10/2026,UPI/DR/424812345603/RAMESH PLUMBER/ramesh.plumb@okhdfc,424812345603,450.00,,238427.50
07/10/2026,ACH DR-HDFC HOME LOAN EMI,ACH0907,32500.00,,205927.50
10/10/2026,UPI/DR/425312345604/SWIGGY/swiggy@icici,425312345604,389.00,,205538.50
12/10/2026,UPI/DR/425512345605/UNKNOWN MERCHANT/pay.xyz@ybl,425512345605,75000.00,,130538.50
15/10/2026,INT.PD 01-06-2026 TO 31-08-2026,INT0915,,1860.00,132398.50
18/10/2026,UPI/DR/426112345606/SWIGGY/swiggy@icici,426112345606,512.00,,131886.50
20/10/2026,UPI/DR/426312345607/GITHUB/github@hdfcbank,426312345607,1680.00,,130206.50
